{"lst_day": {"2000-2": 282.345703125, "2000-3": 279.16998291015625, "2000-4": 297.53143310546875, "2000-5": 301.162841796875, "2000-6": 303.9142761230469, "2000-7": 296.82855224609375, "2000-8": 299.28570556640625, "2000-9": 291.6585693359375, "2000-10": 289.5028381347656, "2000-11": 280.8171081542969, "2000-12": 276.45855712890625, "2001-1": 273.3757019042969, "2001-2": 274.8028259277344, "2001-3": 280.96142578125, "2001-4": 293.1943054199219, "2001-5": 298.7456970214844, "2001-6": 293.7314147949219, "2001-7": 301.92999267578125, "2001-8": 300.6442565917969, "2001-9": 290.11712646484375, "2001-10": 286.068603515625, "2001-11": 277.48431396484375, "2001-12": 266.37139892578125, "2002-1": 272.7042541503906, "2002-2": 278.21142578125, "2002-3": 284.62286376953125, "2002-4": 290.0614013671875, "2002-5": 301.02142333984375, "2002-6": 300.4856872558594, "2002-7": 303.5299987792969, "2002-8": 302.4157409667969, "2002-9": 295.58428955078125, "2002-10": 285.0799865722656, "2002-11": 278.29571533203125, "2002-12": 263.5814208984375, "2003-1": 268.0242919921875, "2003-2": 269.7499694824219, "2003-3": 282.404296875, "2003-4": 292.46429443359375, "2003-5": 299.7642517089844, "2003-6": 301.9114074707031, "2003-7": 302.6071472167969, "2003-8": 300.0728454589844, "2003-9": 293.6028747558594, "2003-10": 280.1442565917969, "2003-11": 280.38568115234375, "2003-12": 274.78857421875, "2004-1": 265.7842712402344, "2004-2": 270.93572998046875, "2004-3": 280.4671325683594, "2004-4": 291.87713623046875, "2004-5": 294.7642517089844, "2004-6": 296.9271545410156, "2004-7": 299.0428161621094, "2004-8": 300.3085632324219, "2004-9": 294.7871398925781, "2004-10": 287.2757263183594, "2004-11": 277.4999694824219, "2004-12": 275.1524963378906, "2005-1": 275.624267578125, "2005-2": 267.96282958984375, "2005-3": 279.7442626953125, "2005-4": 291.9742736816406, "2005-5": 298.85858154296875, "2005-6": 300.55712890625, "2005-7": 303.6399841308594, "2005-8": 300.78857421875, "2005-9": 297.7785339355469, "2005-10": 287.7628479003906, "2005-11": 278.2285461425781, "2005-12": 260.3999938964844, "2006-1": 259.4999694824219, "2006-2": 268.2828369140625, "2006-3": 275.8514404296875, "2006-4": 291.0142822265625, "2006-5": 297.0228576660156, "2006-6": 301.0114440917969, "2006-7": 306.62994384765625, "2006-8": 297.2200012207031, "2006-9": 295.7356872558594, "2006-10": 286.2885437011719, "2006-11": 281.2271423339844, "2006-12": 278.2699890136719, "2007-1": 274.2842712402344, "2007-2": 271.9171447753906, "2007-3": 287.72283935546875, "2007-4": 292.7685852050781, "2007-5": 299.75140380859375, "2007-6": 301.6628723144531, "2007-7": 303.9071350097656, "2007-8": 298.96429443359375, "2007-9": 291.8728332519531, "2007-10": 285.9371337890625, "2007-11": 276.46002197265625, "2007-12": 273.0666809082031, "2008-1": 273.5442810058594, "2008-2": 276.45001220703125, "2008-3": 282.662841796875, "2008-4": 291.7543029785156, "2008-5": 296.36285400390625, "2008-6": 301.77142333984375, "2008-7": 301.4271545410156, "2008-8": 299.239990234375, "2008-9": 294.70855712890625, "2008-10": 286.8828430175781, "2008-11": 280.3971252441406, "2008-12": 277.66143798828125, "2009-1": 264.912841796875, "2009-2": 272.9800109863281, "2009-3": 281.7356872558594, "2009-4": 294.5914611816406, "2009-5": 297.9085998535156, "2009-6": 296.9228820800781, "2009-7": 299.4085388183594, "2009-8": 298.5185546875, "2009-9": 294.9100036621094, "2009-10": 283.0885925292969, "2009-11": 278.4528503417969, "2009-12": 274.45855712890625, "2010-1": 258.4285583496094, "2010-2": 271.8656921386719, "2010-3": 279.4242858886719, "2010-4": 291.35430908203125, "2010-5": 295.09002685546875, "2010-6": 300.60284423828125, "2010-7": 305.4499816894531, "2010-8": 299.7514343261719, "2010-9": 291.6142883300781, "2010-10": 284.2742919921875, "2010-11": 281.2485656738281, "2010-12": 263.5042419433594, "2011-1": 266.9171447753906, "2011-2": 268.0228576660156, "2011-3": 281.7071533203125, "2011-4": 293.9471740722656, "2011-5": 298.80999755859375, "2011-6": 301.63140869140625, "2011-7": 299.952880859375, "2011-8": 297.854248046875, "2011-9": 294.6999816894531, "2011-10": 286.567138671875, "2011-11": 279.9700012207031, "2011-12": 274.8066711425781, "2012-1": 265.4528503417969, "2012-2": 265.16998291015625, "2012-3": 284.3000183105469, "2012-4": 292.7685546875, "2012-5": 299.94140625, "2012-6": 300.2314453125, "2012-7": 303.20709228515625, "2012-8": 300.0556945800781, "2012-9": 293.82568359375, "2012-10": 285.4314270019531, "2012-11": 282.3328552246094, "2012-12": 271.04998779296875, "2013-1": 264.9742736816406, "2013-2": 272.91571044921875, "2013-3": 275.86285400390625, "2013-4": 291.4771423339844, "2013-5": 299.337158203125, "2013-6": 301.6299743652344, "2013-7": 301.8542785644531, "2013-8": 300.721435546875, "2013-9": 291.4200134277344, "2013-10": 286.3371276855469, "2013-11": 278.2742919921875, "2013-12": 271.6513977050781, "2014-1": 269.2256774902344, "2014-2": 277.3899841308594, "2014-3": 288.09857177734375, "2014-4": 292.78857421875, "2014-5": 297.9285583496094, "2014-6": 298.8071594238281, "2014-7": 302.60858154296875, "2014-8": 299.2585754394531, "2014-9": 294.62860107421875, "2014-10": 287.7113952636719, "2014-11": 281.7400207519531, "2014-12": 273.52288818359375, "2015-1": 274.1242370605469, "2015-2": 275.7514343261719, "2015-3": 286.8056945800781, "2015-4": 292.0714111328125, "2015-5": 294.18853759765625, "2015-6": 301.797119140625, "2015-7": 303.7828674316406, "2015-8": 305.5814514160156, "2015-9": 295.25, "2015-10": 284.6842956542969, "2015-11": 278.845703125, "2015-12": 279.6399841308594, "2016-1": 267.7071228027344, "2016-2": 277.96002197265625, "2016-3": 284.67999267578125, "2016-4": 291.45001220703125, "2016-5": 298.7414245605469, "2016-6": 302.239990234375, "2016-7": 301.0585632324219, "2016-8": 299.51141357421875, "2016-9": 297.9657287597656, "2016-10": 285.7485656738281, "2016-11": 278.5871276855469, "2016-12": 272.03997802734375, "2017-1": 268.3313903808594, "2017-2": 271.62286376953125, "2017-3": 287.12567138671875, "2017-4": 289.4685363769531, "2017-5": 297.3671569824219, "2017-6": 299.86138916015625, "2017-7": 299.260009765625, "2017-8": 300.3699645996094, "2017-9": 290.4728698730469, "2017-10": 289.0814208984375, "2017-11": 279.337158203125, "2017-12": 271.8999938964844, "2018-1": 273.7071228027344, "2018-2": 272.5542907714844, "2018-3": 278.3328552246094, "2018-4": 295.5628356933594, "2018-5": 301.2614440917969, "2018-6": 303.9185485839844, "2018-7": 303.4242858886719, "2018-8": 302.5285949707031, "2018-9": 296.94427490234375, "2018-10": 289.84857177734375, "2018-11": 279.2842712402344, "2018-12": 271.1285705566406, "2019-1": 270.70428466796875, "2019-2": 279.1385803222656, "2019-3": 285.0614318847656, "2019-4": 293.19427490234375, "2019-5": 295.82427978515625, "2019-6": 304.65283203125, "2019-7": 301.787109375}, "lst_night": {"2000-2": 274.9428405761719, "2000-3": 271.0057067871094, "2000-4": 281.9214172363281, "2000-5": 284.0885314941406, "2000-6": 287.91998291015625, "2000-7": 285.9385681152344, "2000-8": 287.5813903808594, "2000-9": 281.3799743652344, "2000-10": 281.4142761230469, "2000-11": 276.4071044921875, "2000-12": 270.56427001953125, "2001-1": 267.7342834472656, "2001-2": 266.31280517578125, "2001-3": 271.49713134765625, "2001-4": 279.4528503417969, "2001-5": 284.1628723144531, "2001-6": 281.61285400390625, "2001-7": 292.6642761230469, "2001-8": 290.5099792480469, "2001-9": 280.10284423828125, "2001-10": 280.8399963378906, "2001-11": 271.5828552246094, "2001-12": 262.87139892578125, "2002-1": 262.2714538574219, "2002-2": 272.528564453125, "2002-3": 274.2557067871094, "2002-4": 276.701416015625, "2002-5": 287.6856994628906, "2002-6": 289.28143310546875, "2002-7": 292.20855712890625, "2002-8": 290.49285888671875, "2002-9": 285.31427001953125, "2002-10": 274.8128662109375, "2002-11": 272.18426513671875, "2002-12": 261.1728515625, "2003-1": 263.01287841796875, "2003-2": 263.9185485839844, "2003-3": 270.70428466796875,